name_congressperson,pol_party,house,gender,has_twitter,twitter,num_followers,num_terms,DOB
Abílio Santana,PL,deputies,M,1,@AbilioSantana_,7040,1,2/13/1965
Acácio Favacho,PROS,deputies,M,1,@AcacioFavacho,3877,1,11/6/1966
Adolfo Viana,PSDB,deputies,M,1,@AdolfoViana_,400,1,9/28/1983
Adriana Ventura,NOVO,deputies,F,1,@adriventurasp,23900,1,2/2/1981
Adriano do Baldy,PP,deputies,M,1,@adrianodobaldy,11500,1,3/6/1969
Aécio Neves,PSDB,deputies,M,1,@AecioNeves,273000,5,9/6/1969
Afonso Florence,PT,deputies,M,1,@AfonsoFlorence,17300,3,3/10/1960
Afonso Hamm,PP,deputies,M,1,@DepAfonsoHamm,3149,5,10/15/1960
Afonso Motta,PDT,deputies,M,1,@afonso_motta,1475,3,1/8/1950
Aguinaldo Ribeiro,PP,deputies,M,1,@depaguinaldo11,3672,3,2/13/1969
Airton Faleiro,PT,deputies,M,1,@FaleiroAirton,7215,1,3/16/1959
Alan Rick,DEM,deputies,M,1,@Alan_Rick,4423,2,9/26/1983
Alceu Moreira,MDB,deputies,M,1,@Alceu_Moreira,9544,3,6/4/1954
Alê Silva,PSL,deputies,F,1,@alesilva_38,153100,1,7/4/1974
Alencar Santana Braga,PT,deputies,M,1,@AlencarBraga13,16800,1,3/14/1976
Alessandro Molon,PSB,deputies,M,1,@alessandromolon,35800,3,10/28/1971
Alex Manente,CIDADANIA,deputies,M,1,@AlexManente23,11600,2,8/22/1979
Alex Santana,PDT,deputies,M,1,@depalexsantana,572,1,6/22/1972
Alexandre Frota,PSDB,deputies,M,1,@77_frota,19500,1,10/14/1963
Alexandre Leite,DEM,deputies,M,1,@lexandreleite,3433,3,4/18/1989
Alexandre Padilha,PT,deputies,M,1,@padilhando,189200,1,9/14/1971
Alexandre Serfiotis,PSD,deputies,M,1,@AleSerfiotis,1942,2,11/29/1975
Alexis Fonteyne,NOVO,deputies,M,1,@AlexisFonteyne,29200,1,8/19/1967
Alice Portugal,PCdoB,deputies,M,1,@Alice_Portugal,28500,5,5/16/1959
Aliel Machado,PSB,deputies,M,1,@alielmachado,6475,2,2/26/1989
Aline Gurgel,REPUBLICANOS,deputies,F,1,@dep_alinegurgel,5781,1,11/25/1980
Aline Sleutjes,PSL,deputies,F,1,@AlineSleutjes,59200,1,7/26/1979
Altineu Côrtes,PL,deputies,M,1,@Altineu,2402,2,9/13/1968
Aluisio Mendes,PSC,deputies,M,1,@AluisioMendesMA,3979,2,11/11/1961
Amaro Neto,REPUBLICANOS,deputies,M,1,@amaronetotv,1298,1,12/4/1976
André Ferreira,PSC,deputies,M,1,@aferreira2020,196,1,12/10/1972
André Figueiredo,PDT,deputies,M,1,@andrepdt12,18800,4,11/10/1966
André Fufuca,PP,deputies,M,1,@DepAndreFufuca,2560,2,8/27/1989
André Janones,AVANTE,deputies,M,1,@AndreJanonesAdv,123400,1,5/5/1984
Angela Amin,PP,deputies,F,1,@DeputadaAngela,760,3,12/20/1953
Arlindo Chinaglia,PT,deputies,M,1,@achinaglia,12000,7,12/24/1949
Arnaldo Jardim,CIDADANIA,deputies,M,1,@ArnaldoJardim,7346,4,5/8/1955
Aroldo Martins,REPUBLICANOS,deputies,M,1,@aroldomartins,2694,1,7/3/1961
Arthur Lira,PP,deputies,M,1,@ArthurLira_,233400,3,6/25/1969
Arthur Oliveira Maia,DEM,deputies,M,1,@DepArthurMaia,7779,3,8/17/1964
Átila Lira,PP,deputies,M,1,@deputadoatila,1001,8,4/7/1947
Augusto Coutinho,SOLIDARIEDADE,deputies,M,1,@dep_acoutinho,3532,3,10/22/1962
Áurea Carolina,PSOL,deputies,F,1,@aureacarolinax,90700,1,11/20/1983
Aureo Ribeiro,SOLIDARIEDADE,deputies,M,1,@AureoRibeiroRJ,2044,3,2/17/1979
Bacelar,PODE,deputies,M,1,@DeputadoBacelar,10100,2,7/9/1957
Baleia Rossi,MDB,deputies,M,1,@Baleia_Rossi,38200,2,6/9/1972
Benedita da Silva,PT,deputies,F,1,@dasilvabenedita,144800,5,4/26/1942
Benes Leocádio,REPUBLICANOS,deputies,M,1,@benesleocadiorn,494,1,4/22/1966
Beto Faro,PT,deputies,M,1,@BetoFaroPT,7996,5,6/20/1969
Beto Pereira,PSDB,deputies,M,1,@betopereirams,1282,1,11/14/1977
Beto Rosado,PP,deputies,M,1,@BetoRosado,4241,2,2/1/1982
Bia Cavassa,PSDB,deputies,F,1,@BiaCavassa,865,1,1/14/1969
Bia Kicis,PSL,deputies,F,1,@Biakicis,911800,1,9/19/1961
Bibo Nunes,PSL,deputies,M,1,@bibonunes1,194000,1,1/9/1957
Bilac Pinto,DEM,deputies,M,1,@bilac_pinto,240,4,6/8/1963
Bira do Pindaré,PSB,deputies,M,1,@BiradoPindare,12900,1,11/1/1968
Boca Aberta,PROS,deputies,M,1,@BocaAbertaOf,6800,1,8/7/1971
Bohn Gass,PT,deputies,M,1,@BohnGass,56300,3,2/5/1962
Bosco Costa,PL,deputies,M,1,@BoscoCosta_SE,726,3,9/28/1950
Bosco Saraiva,SOLIDARIEDADE,deputies,M,1,@boscosaraiva,18500,1,10/10/1959
Bozzella,PSL,deputies,M,1,@bozzellajr,8624,1,8/17/1980
Bruna Furlan,PSDB,deputies,F,1,@DepBrunaFurlan,11900,3,4/28/1983
Cacá Leão,PP,deputies,M,1,@CacaLeao,4468,2,11/3/1979
Camilo Capiberibe,PSB,deputies,M,1,@CamiloPSB,43900,1,5/23/1972
Capitão Alberto Neto,REPUBLICANOS,deputies,M,1,@capalbertoneto,3677,1,5/5/1982
Capitão Augusto,PL,deputies,M,1,@capitao_augusto,611,2,10/4/1966
Capitão Fábio Abreu,PL,deputies,M,1,@fabioabreuofc,357,2,12/31/1972
Carla Zambelli,PSL,deputies,F,1,@CarlaZambelli38,1200000,1,7/3/1980
Carlos Bezerra,MDB,deputies,M,1,@carlosbezerrajr,51400,5,11/4/1941
Carlos Chiodini,MDB,deputies,M,1,@carloschiodini,2727,1,3/8/1982
Carlos Gomes,REPUBLICANOS,deputies,M,1,@Carlos_Gaguim,5216,2,6/13/1972
Carlos Henrique Gaguim,DEM,deputies,M,1,@carlosgomesdep,1792,2,4/21/1961
Carlos Jordy,PSL,deputies,M,1,@carlosjordy,502600,1,2/8/1982
Carlos Sampaio,PSDB,deputies,M,1,@carlossampaio_,61600,5,3/31/1963
Carlos Veras,PT,deputies,M,1,@carlosveraspt,8787,1,8/10/1981
Carlos Zarattini,PT,deputies,M,1,@CarlosZarattini,54400,4,6/8/1959
Carmen Zanotto,CIDADANIA,deputies,F,1,@carmenzanotto,737,3,10/6/1962
Caroline de Toni,PSL,deputies,F,1,@CarolDeToni,423300,1,9/1/1986
Cássio Andrade,PSB,deputies,M,1,@cassio_40,2160,1,9/12/1981
Célio Moura,PT,deputies,M,1,@CelioMouraTO,5522,1,8/13/1953
Célio Silveira,PSDB,deputies,M,1,@csilveira4599,427,1,9/19/1959
Célio Studart,PV,deputies,M,1,@CelioStudart,4628,1,6/19/1987
Celso Maldaner,MDB,deputies,M,1,@maldaner_celso,3034,4,8/30/1953
Celso Russomanno,REPUBLICANOS,deputies,M,1,@celsorussomanno,146100,6,8/20/1956
Celso Sabino,PSDB,deputies,M,1,@depcelsosabino,3506,1,8/29/1978
Cezinha de Madureira,PSD,deputies,M,1,@Czmadureira,704,1,12/12/1973
Charles Fernandes,PSD,deputies,M,1,@CharlesFederal,344,1,3/15/1965
Charlles Evangelista,PSL,deputies,M,1,@charllesevg,2921,1,12/27/1984
Chico D’Angelo,PDT,deputies,M,1,@chico_dangelo,17300,4,2/11/1953
Chiquinho Brazão,AVANTE,deputies,M,1,@BrazaoChiquinho,982,1,2/22/1962
Chris Tonietto,PSL,deputies,F,1,@ToniettoChris,63500,1,5/14/1991
Christiane de Souza Yared,PL,deputies,F,1,@ChristianeYared,5233,2,2/23/1960
Christino Aureo,PP,deputies,M,1,@christinoaureo,2129,1,4/26/1962
Clarissa Garotinho,PROS,deputies,F,1,@dep_clarissa,15100,2,7/2/1982
Claudio Cajado,PP,deputies,M,1,@deputadocajado,20900,7,12/1/1963
Cleber Verde,REPUBLICANOS,deputies,M,1,@CleberVerde10,1421,4,5/10/1972
Coronel Armando,PSL,deputies,M,1,@cel_armando,3543,1,6/23/1957
Coronel Chrisóstomo,PSL,deputies,M,1,@depchrisostomo,393,1,6/23/1959
Coronel Tadeu,PSL,deputies,M,1,@CoronelTadeu,33400,1,9/30/1965
Cristiano Vale,PL,deputies,M,1,@dep_Cristiano,6021,1,4/10/1970
Da Vitoria,CIDADANIA,deputies,M,1,@josiasdavitoria,2506,1,6/2/1971
Dagoberto Nogueira,PDT,deputies,M,1,@dagobertopdt,4995,3,7/21/1955
Damião Feliciano,PDT,deputies,M,1,@Drdamiaof,7622,7,4/28/1952
Daniel Almeida,PCdoB,deputies,M,1,@Daniel_PCdoB,10500,5,1/21/1955
Daniel Coelho,CIDADANIA,deputies,M,1,@DanielCoelho23,36300,2,11/4/1978
Daniel Freitas,PSL,deputies,M,1,@DFDanielFreitas,35500,1,4/3/1982
Daniel Silveira,PSL,deputies,M,1,@DanielPMERJ,139200,1,11/25/1982
Daniel Trzeciak,PSDB,deputies,M,1,@TrzeciakDaniel,2788,1,11/4/1986
Daniela do Waguinho,MDB,deputies,F,1,@DanielaWaguinho,2003,1,2/10/1976
Danilo Cabral,PSB,deputies,M,1,@danilo4010,2006,3,4/21/1967
David Miranda,PSOL,deputies,M,1,@davidmirandario,385500,1,5/10/1985
David Soares,DEM,deputies,M,1,@davidbrsoares,495,1,12/21/1973
Delegado Antônio Furtado,PSL,deputies,M,1,@DelegadoFurtado,4539,1,1/6/1972
Delegado Éder Mauro,PSD,deputies,M,1,@EderMauroPA,88600,1,12/14/1960
Delegado Marcelo Freitas,PSL,deputies,M,1,@DelegadoFreitas,3448,1,3/4/1976
Delegado Pablo,PSL,deputies,M,1,@DelegadoPablo_,8808,1,7/26/1976
Delegado Waldir,PSL,deputies,M,1,@delegado_waldir,6061,3,11/28/1962
Denis Bezerra,PSB,deputies,M,1,@denisbezerra,779,1,3/17/1980
Diego Garcia,PODE,deputies,M,1,@diegogarciapr,13200,2,10/10/1984
Dimas Fabiano,PP,deputies,M,1,@depdimasfabiano,798,3,5/23/1973
Domingos Sávio,PSDB,deputies,M,1,@DomingosSavioMG,5050,3,3/25/1957
Dr. Frederico,PATRIOTA,deputies,M,1,@DrFredericoMG,1702,1,3/24/1977
Dr. Jaziel,PL,deputies,M,1,@jaziel_dr,1117,1,5/3/1961
Dr. Leonardo,SOLIDARIEDADE,deputies,M,1,@DrLeonardomt,2029,1,6/14/1978
Dr. Luiz Antonio Teixeira Jr.,PP,deputies,M,1,@Doutorluizinhot,2283,1,12/15/1973
Dr. Luiz Ovando,PSL,deputies,M,1,@drluizovando,4967,1,9/25/1949
Dr. Sinval Malheiros,PODE,deputies,M,1,@SinvalMalheiros,125,3,2/23/1951
Dr. Zacharias Calil,DEM,deputies,M,1,@zachariascalil,1005,1,11/5/1953
Dra. Soraya Manato,PSL,deputies,F,1,@DraManato,25700,1,3/10/1961
Edilázio Júnior,PSD,deputies,M,1,@EdilazioJunior_,1484,1,5/4/1981
Edio Lopes,PL,deputies,M,1,@ediolopes,3273,4,1/4/1952
Edmilson Rodrigues,PSOL,deputies,M,1,@EdmilsonPSOL,71800,2,5/26/1957
Edna Henrique,PSDB,deputies,F,1,@ednahenriquedep,8,1,9/4/1958
Eduardo Barbosa,PSDB,deputies,M,1,@eduardobarbosa_,3932,7,8/25/1958
Eduardo Bismarck,PDT,deputies,M,1,@eduardobismarck,2225,1,11/14/1981
Eduardo Bolsonaro,PSL,deputies,M,1,@BolsonaroSP,2100000,2,7/10/1984
Eduardo Braide,PODE,deputies,M,1,@EduardoBraide,15300,1,1/12/1976
Eduardo Costa,PTB,deputies,M,1,@dep_eduardo,1857,1,2/16/1968
Eduardo Cury,PSDB,deputies,M,1,@Eduardo_Cury,13200,2,9/19/1963
Eduardo da Fonte,PP,deputies,M,1,@eduardodafonte,4334,4,10/17/1972
Efraim Filho,DEM,deputies,M,1,@efraimfilho,27900,4,3/18/1979
Elcione Barbalho,MDB,deputies,M,1,@elcionepmdb,8140,6,10/5/1944
Eli Borges,SOLIDARIEDADE,deputies,M,1,@elidiasborges,897,1,9/1/1960
Eli Corrêa Filho,DEM,deputies,M,1,@assessoria2577,50,3,1/13/1976
Elias Vaz,PSB,deputies,M,1,@EliasVazGyn,5571,1,7/4/1966
Elmar Nascimento,DEM,deputies,M,1,@ElmarNascimento,2836,2,7/6/1970
Emanuel Pinheiro Neto,PTB,deputies,M,1,@emanuelzinhomt,1870,1,1/5/1995
Enéias Reis,PSL,deputies,M,1,@DepEneiasReis,833,1,11/5/1972
Enio Verri,PT,deputies,M,1,@enioverri,45000,2,3/27/1961
Enrico Misasi,PV,deputies,M,1,@enricomisasi,659,1,8/6/1994
Erika Kokay,PT,deputies,F,1,@erikakokay,209300,3,8/15/1957
Eros Biondini,PROS,deputies,M,1,@erosbiondini,79300,3,5/20/1971
Euclydes Pettersen,PSC,deputies,M,1,@EuclydesPetter,1343,1,8/15/1984
Evair Vieira de Melo,PP,deputies,M,1,@EvairdeMelo,5083,2,4/2/1972
Expedito Netto,PSD,deputies,M,1,@roman_evandro,2839,2,10/5/1988
Fábio Henrique,PDT,deputies,M,1,@FabioHenriqueSE,8867,1,6/19/1972
Fábio Mitidieri,PSD,deputies,M,1,@depfmitidieri,6260,2,2/24/1977
Fábio Ramalho,MDB,deputies,M,1,@_FabinhoRamalho,2701,4,12/22/1961
Fabio Reis,MDB,deputies,M,1,@fabioreis1515,5019,3,4/15/1977
Fabio Schiochet,PSL,deputies,M,1,@fabio_schiochet,265,1,5/31/1988
Fábio Trad,PSD,deputies,M,1,@f_trad,13200,3,8/18/1969
Fausto Pinato,PP,deputies,M,1,@Fausto_Pinato,422,2,6/1/1977
Felício Laterça,PSL,deputies,M,1,@federalfelicio,1089,1,5/26/1967
Felipe Carreras,PSB,deputies,M,1,@felipecarreras,21600,2,4/16/1975
Felipe Francischini,PSL,deputies,M,1,@FFrancischini_,88700,1,10/2/1991
Felipe Rigoni,PSB,deputies,M,1,@rigoni_felipe,26400,1,6/13/1991
Félix Mendonça Júnior,PDT,deputies,M,1,@FelixMendoncaJr,5817,3,11/29/1963
Fernanda Melchionna,PSOL,deputies,F,1,@fernandapsol,138500,1,2/2/1984
Fernando Coelho Filho,DEM,deputies,M,1,@FBCFilho,5710,4,2/28/1984
Fernando Monteiro,PP,deputies,M,1,@fmonteiroPE,572,2,9/17/1976
Fernando Rodolfo,PL,deputies,M,1,@depfernandor,484,1,11/17/1983
Filipe Barros,PSL,deputies,M,1,@filipebarrost,443000,1,5/29/1991
Flávia Arruda,PL,deputies,F,1,@FlaviaArrudaDF,6214,1,1/21/1980
Flávia Morais,PDT,deputies,F,1,@depflaviamorais,4163,3,4/26/1969
Flaviano Melo,MDB,deputies,M,1,@Flaviano_Melo,997,4,11/17/1949
Flávio Nogueira,PDT,deputies,M,1,@flavionoguera,317,2,2/27/1953
Flordelis,PSD,deputies,F,1,@Flordelismk,61,1,2/5/1961
Francisco Jr.,PSD,deputies,M,1,@franciscojr_go,5738,1,3/15/1969
Franco Cartafina,PP,deputies,M,1,@FrancoCartafina,3962,1,11/3/1986
Fred Costa,PATRIOTA,deputies,M,1,@FredCosta5133,10600,1,7/12/1977
Frei Anastacio Ribeiro,PT,deputies,M,1,@freianastaciopt,5799,1,3/3/1944
Gelson Azevedo,PL,deputies,M,1,@GelsonAzevedoRJ,334,1,1/10/1965
Genecias Noronha,SOLIDARIEDADE,deputies,M,1,@DepGenecias,2116,3,3/13/1963
General Girão,PSL,deputies,M,1,@GeneralGirao,166000,1,5/8/1955
General Peternelli,PSL,deputies,M,1,@GenPeternelli,14600,1,8/6/1954
Geninho Zuliani,DEM,deputies,M,1,@geninhozuliani,2596,1,1/13/1976
Geovania de Sá,PSDB,deputies,F,1,@geovaniadesa,4717,2,3/30/1972
Gervásio Maia,PSB,deputies,M,1,@gervasiomaia,11900,1,4/14/1975
Giacobo,PL,deputies,M,1,@fernandogiacobo,1681,5,12/17/1970
Gil Cutrim,PDT,deputies,M,1,@gilcutrim,1514,1,10/26/1979
Gilberto Abramo,REPUBLICANOS,deputies,M,1,@gilbertoabramo,1731,1,8/6/1966
Gilberto Nascimento,PSC,deputies,M,1,@GilbertoPSC20,705,3,7/9/1956
Gilson Marques,NOVO,deputies,M,1,@gilson__marques,20400,1,4/12/1981
Giovani Cherini,PL,deputies,M,1,@giovanicherini,6354,3,6/23/1960
Giovani Feltes,MDB,deputies,M,1,@GiovaniFeltes,2782,2,4/10/1957
Glauber Braga,PSOL,deputies,M,1,@Glauber_Braga,240200,4,6/26/1982
Glaustin da Fokus,PSC,deputies,M,1,@glaustindafokus,1586,1,12/22/1973
Gleisi Hoffmann,PT,deputies,F,1,@gleisi,824100,1,9/6/1965
Greyce Elias,AVANTE,deputies,F,1,@greyceelias,1118,1,12/15/1981
Guiga Peixoto,PSL,deputies,M,1,@zeguilherme_10,18600,1,11/13/1961
Guilherme Derrite,PP,deputies,M,1,@capitaoderrite,141500,1,10/10/1984
Guilherme Mussi,PP,deputies,M,1,@GuilhermeMussi,132600,3,10/14/1982
Gurgel,PSL,deputies,M,1,@depgurgel,4956,1,12/2/1980
Gustavo Fruet,PDT,deputies,M,1,@gustavofruet,84800,1,4/18/1963
Gustinho Ribeiro,SOLIDARIEDADE,deputies,M,1,@GustinhoRibeiro,4125,1,2/16/1982
Haroldo Cathedral,PSD,deputies,M,1,@deputadoharoldo,186,1,5/11/1953
Heitor Freire,PSL,deputies,M,1,@HeitorFreireCE,18400,1,10/8/1981
Heitor Schuch,PSB,deputies,M,1,@HeitorSchuch,3667,2,3/25/1962
Helder Salomão,PT,deputies,M,1,@heldersalomao,68000,2,3/8/1964
Hélio Costa,REPUBLICANOS,deputies,M,1,@HelioCosta15,5482,1,3/3/1954
Helio Lopes,PSL,deputies,M,1,@depheliolopes,354200,1,3/28/1969
Henrique Fontana,PT,deputies,M,1,@HenriqueFontana,69700,6,1/18/1960
Hercílio Coelho Diniz,MDB,deputies,M,1,@herciliodiniz,563,1,9/14/1963
Herculano Passos,MDB,deputies,M,1,@herculanopassos,2425,2,8/4/1956
Hildo Rocha,MDB,deputies,M,1,@RochaHildorocha,1535,2,4/22/1960
Hiran Gonçalves,PP,deputies,M,1,@deputadohiran,12700,2,6/19/1957
Hugo Leal,PSD,deputies,M,1,@depHugoLeal,27300,4,8/6/1962
Hugo Motta,REPUBLICANOS,deputies,M,1,@HugoMottaPB,9072,3,9/11/1989
Idilvan Alencar,PDT,deputies,M,1,@IdilvanAlencar,5621,1,9/23/1968
Igor Timo,PODE,deputies,M,1,@oficialigortimo,1603,1,4/10/1982
Iracema Portella,PP,deputies,F,1,@iracemaportela,6756,3,4/23/1966
Isnaldo Bulhões Jr.,MDB,deputies,M,1,@bulhoesjr,2005,1,10/30/1976
Ivan Valente,PSOL,deputies,M,1,@IvanValente,282600,7,7/5/1946
Jandira Feghali,PCdoB,deputies,F,1,@jandira_feghali,476700,7,5/17/1957
Jaqueline Cassol,PP,deputies,F,1,@jqcassol,3080,1,12/3/1974
Jefferson Campos,PSB,deputies,M,1,@DepJefferson,6254,5,10/26/1964
Jerônimo Goergen,PP,deputies,M,1,@jeronimogoergen,12900,5,1/20/1976
Jesus Sérgio,PDT,deputies,M,1,@jesussergioac,489,1,6/10/1973
Jhc,PSB,deputies,M,1,@JHC_40,12000,2,7/22/1987
Jhonatan de Jesus,REPUBLICANOS,deputies,M,1,@jhonatan_djesus,2651,3,9/3/1983
João Campos,REPUBLICANOS,deputies,M,1,@joaocamposdep,8164,5,12/28/1962
João Carlos Bacelar,PL,deputies,M,1,@deputadobacelar,10100,4,10/8/1972
João Daniel,PT,deputies,M,1,@depjoaodanielpt,552,2,8/22/1967
João H. Campos,PSB,deputies,M,1,@JoaoCampos,20100,1,11/26/1993
João Maia,PL,deputies,M,1,@depjoaomaia,11100,3,9/20/1953
João Marcelo Souza,MDB,deputies,M,1,@dep_joaomarcelo,59,2,11/11/1973
João Roma,REPUBLICANOS,deputies,M,1,@joaoromaneto,10000,1,11/17/1972
Joaquim Passarinho,PSD,deputies,M,1,@depjpassarinho,2428,2,12/2/1961
Joenia Wapichana,REDE,deputies,F,1,@JoeniaWapichana,41300,1,4/20/1973
Joice Hasselmann,PSL,deputies,F,1,@joicehasselmann,351300,1,1/29/1978
Jorge Braz,REPUBLICANOS,deputies,M,1,@Jorge_Braz,1660,1,7/13/1953
Jorge Goetten,PL,deputies,M,1,@goettenjorge,54,1,4/10/1962
Jorge Solla,PT,deputies,M,1,@depjorgesolla,35000,2,4/11/1961
José Airton Félix Cirilo,PT,deputies,M,1,@JoseAirtonPT,6467,4,2/21/1957
José Guimarães,PT,deputies,M,1,@guimaraes13PT,90500,4,2/13/1957
José Medeiros,PODE,deputies,M,1,@JoseMedeirosMT,133900,1,3/19/1970
José Nelto,PODE,deputies,M,1,@depjosenelto,3672,1,9/19/1960
José Nunes,PSD,deputies,M,1,@JoseNunesDep,689,3,12/18/1950
José Priante,MDB,deputies,M,1,@Priante15,3163,6,12/2/1963
José Ricardo,PT,deputies,M,1,@ZeRicardoAM,11600,1,6/23/1964
José Rocha,PL,deputies,M,1,@dep_joserocha,539,7,8/18/1948
Joseildo Ramos,PT,deputies,M,1,@joseildoramos,4459,1,8/23/1957
Josimar Maranhãozinho,PL,deputies,M,1,@josimarPL22,3399,1,11/13/1976
Juarez Costa,MDB,deputies,M,1,@Juarezcostamt,37,1,1/20/1960
Julian Lemos,PSL,deputies,M,1,@LemosFederal,454,1,1/5/1976
Júlio Cesar,PSD,deputies,M,1,@DepJulioCesarPI,4005,6,8/25/1948
Julio Cesar Ribeiro,REPUBLICANOS,deputies,M,1,@JulioCesarRib,1585,1,2/24/1975
Júlio Delgado,PSB,deputies,M,1,@depjuliodelgado,5196,6,11/18/1966
Juninho do Pneu,DEM,deputies,M,1,@JuninhodoPneu,881,1,10/23/1976
Junio Amaral,PSL,deputies,M,1,@cabojunioamaral,108500,1,6/30/1987
Júnior Mano,PL,deputies,M,1,@JuniorManoDep,680,1,4/16/1985
Juscelino Filho,DEM,deputies,M,1,@DepJuscelino,6226,2,11/6/1984
Kim Kataguiri,DEM,deputies,M,1,@kimpkat,644300,1,1/28/1996
Laercio Oliveira,PP,deputies,M,1,@LaercioFederal,8790,4,4/15/1959
Lafayette de Andrada,REPUBLICANOS,deputies,M,1,@lafayetteandrad,2429,1,10/17/1966
Lauriete,PSC,deputies,F,1,@laurietecantora,157500,2,2/23/1970
Leandre,PV,deputies,F,1,@leandredaideal,137,2,12/20/1975
Leda Sadala,AVANTE,deputies,F,1,@LedaSadala,1495,1,6/11/1966
Léo Moraes,PODE,deputies,M,1,@DepLeoMoraes,386,1,1/11/1984
Léo Motta,PSL,deputies,M,1,@leomotta_ofc,14300,1,10/26/1973
Leonardo Monteiro,PT,deputies,M,1,@depleomonteiro,9937,5,10/9/1951
Leônidas Cristino,PDT,deputies,M,1,@joseleonidas,2933,4,6/3/1957
Leur Lomanto Júnior,DEM,deputies,M,1,@LeurLomantoJr,2817,1,10/28/1976
Lídice da Mata,PSB,deputies,F,1,@lidicedamata,51100,3,3/12/1956
Lincoln Portela,PL,deputies,M,1,@lincoln_portela,16600,6,11/3/1953
Liziane Bayer,PSB,deputies,F,1,@LizianeBayer,3173,1,1/24/1981
Loester Trutis,PSL,deputies,M,1,@LTrutis,3662,1,9/21/1982
Lourival Gomes,PSL,deputies,M,1,@LourivalGomesrj,1984,2,7/22/1955
Lucas Gonzalez,NOVO,deputies,M,1,@lucasvgonzalez,16400,1,12/21/1988
Lucas Redecker,PSDB,deputies,M,1,@LucasRedecker,5235,1,5/26/1981
Lucas Vergilio,SOLIDARIEDADE,deputies,M,1,@VergilioLucas77,2455,2,4/8/1987
Luciano Bivar,PSL,deputies,M,1,@Bivar1717,1091,3,11/29/1944
Luciano Ducci,PSB,deputies,M,1,@LucianoDucci,10700,2,3/23/1955
Luis Miranda,DEM,deputies,M,1,@LuisMirandaUSA1,27400,1,3/27/1980
Luis Tibé,AVANTE,deputies,M,1,@LuisTibeOficial,11500,3,7/23/1971
Luisa Canziani,PTB,deputies,F,1,@luisa_canziani,3789,1,4/11/1996
Luiz Antônio Corrêa,PL,deputies,M,1,@drluizantoniojr,1715,1,12/27/1940
Luiz Carlos,PSDB,deputies,M,1,@DepLuizCarlos,4557,2,8/16/1979
Luiz Carlos Motta,PL,deputies,M,1,@lcm_motta,427,1,4/24/1959
Luiz Lima,PSL,deputies,M,1,@Oficialluizlima,55200,1,12/10/1977
Luiz Nishimori,PL,deputies,M,1,@LuizNishimori,1685,3,4/9/1949
Luiz Philippe de Orleans e Bragança,PSL,deputies,M,1,@lpbragancabr,613500,1,4/3/1969
Luiza Erundina,PSOL,deputies,F,1,@luizaerundina,321100,6,11/30/1934
Luizão Goulart,REPUBLICANOS,deputies,M,1,@luizaogoulart,1829,1,6/6/1962
Luizianne Lins,PT,deputies,F,1,@Luizianne13PT,23200,2,11/18/1968
Magda Mofatto,PL,deputies,F,1,@Magdamofatto,2280,3,10/26/1948
Major Fabiana,PSL,deputies,F,1,@majorfabianadep,127600,1,1/9/1980
Mara Rocha,PSDB,deputies,F,1,@mararocha4545,640,1,9/4/1973
Marcel van Hattem,NOVO,deputies,M,1,@marcelvanhattem,384000,1,11/8/1985
Marcelo Aro,PP,deputies,M,1,@marceloaro,5160,2,6/12/1987
Marcelo Brum,PSL,deputies,M,1,@Marcelobrumdep,2542,1,11/25/1972
Marcelo Calero,CIDADANIA,deputies,M,1,@caleromarcelo,36100,1,7/7/1982
Marcelo Freixo,PSOL,deputies,M,1,@MarceloFreixo,1600000,1,4/12/1967
Marcelo Nilo,PSB,deputies,M,1,@depmarcelonilo,14000,1,4/26/1955
Marcelo Ramos,PL,deputies,M,1,@marceloramosam,30800,1,8/29/1973
Márcio Biolchi,MDB,deputies,M,1,@marciobiolchi,3749,2,5/23/1979
Márcio Jerry,PCdoB,deputies,M,1,@marciojerry,24200,1,11/14/1966
Márcio Labre,PSL,deputies,M,1,@marciolabre,94500,1,2/27/1974
Márcio Marinho,REPUBLICANOS,deputies,M,1,@dpmarciomarinho,4079,4,12/12/1970
Marco Bertaiolli,PSD,deputies,M,1,@MarcoBertaiolli,3568,1,4/30/1968
Marcon,PT,deputies,M,1,@depmarcon,8330,3,9/21/1964
Marcos Aurélio Sampaio,MDB,deputies,M,1,@MarcosA_Sampaio,347,1,9/19/1991
Marcos Pereira,REPUBLICANOS,deputies,M,1,@marcospereira04,33800,1,4/4/1972
Margarete Coelho,PP,deputies,F,1,@MargaretCoelho,3229,1,3/12/1961
Margarida Salomão,PT,deputies,F,1,@JFMargarida,80600,3,6/10/1950
Maria do Rosário,PT,deputies,F,1,@mariadorosario,42900,5,11/22/1966
Maria Rosas,REPUBLICANOS,deputies,F,1,@mariarosassp,1642,1,10/1/1965
Mariana Carvalho,PSDB,deputies,F,1,@DeputadaMariana,7550,1,11/26/1986
Marília Arraes,PT,deputies,F,1,@MariliaArraes,77300,1,4/12/1984
Mário Heringer,PDT,deputies,M,1,@mario_heringer,9547,5,9/30/1954
Marreca Filho,PATRIOTA,deputies,M,1,@depmarrecafilho,3023,1,4/25/1992
Marx Beltrão,PSD,deputies,M,1,@marxbeltrao,1321,2,11/28/1979
Maurício Dziedricki,PTB,deputies,M,1,@mauricioptbrs,3969,2,7/26/1979
Mauro Benevides Filho,PDT,deputies,M,1,@mauro_bfilho,5848,1,3/9/1959
Mauro Nazif,PSB,deputies,M,1,@drmauronazif,53,3,1/30/1959
Merlong Solano,PT,deputies,M,1,@merlongsolano,3398,2,9/17/1958
Miguel Lombardi,PL,deputies,M,1,@Dmiguellombardi,537,2,1/29/1964
Milton Vieira,REPUBLICANOS,deputies,M,1,@MiltonVieiraOfc,1000,2,9/16/1962
Moses Rodrigues,MDB,deputies,M,1,@DepFederalMoses,2103,2,6/6/1978
Natália Bonavides,PT,deputies,F,1,@natbonavides,81300,1,6/15/1988
Nelson Barbudo,PSL,deputies,M,1,@nelsonbarbudo,1510,1,2/14/1960
Nereu Crispim,PSL,deputies,M,1,@nereucrispim,3728,1,7/21/1963
Neri Geller,PP,deputies,M,1,@NeriGeller,689,3,11/7/1968
Newton Cardoso Jr,MDB,deputies,M,1,@newton1510,3377,2,11/11/1979
Nicoletti,PSL,deputies,M,1,@depnicoletti,4623,1,7/21/1981
Nilson Pinto,PSDB,deputies,M,1,@DepNilsonPinto,2732,6,3/25/1952
Nilto Tatto,PT,deputies,M,1,@NiltoTatto,16000,2,7/31/1963
Nivaldo Albuquerque,PTB,deputies,M,1,@NivaldoAlbuque,79,2,1/7/1988
Odair Cunha,PT,deputies,M,1,@odaircunhamg,6055,5,6/18/1976
Olival Marques,DEM,deputies,M,1,@OLIVALMARQUES,455,1,1/9/1982
Orlando Silva,PCdoB,deputies,M,1,@orlandosilva,79000,2,5/27/1971
Osires Damaso,PSC,deputies,M,1,@OrDamaso,782,1,4/16/1963
Osmar Terra,MDB,deputies,M,1,@OsmarTerra,364600,6,2/18/1950
Ossesio Silva,REPUBLICANOS,deputies,M,1,@OssesioSilva,1910,1,12/9/1954
Otoni de Paula,PSC,deputies,M,1,@OtoniDepFederal,174700,1,11/22/1976
Otto Alencar Filho,PSD,deputies,M,1,@ottoalencar,632,1,7/7/1977
Padre João,PT,deputies,M,1,@dep_padrejoao,15500,3,2/28/1967
Pastor Eurico,PATRIOTA,deputies,M,1,@DEPPASTOREURICO,1133,3,9/12/1962
Pastor Gil,PL,deputies,M,1,@pastorgil_,3081,1,11/8/1971
Pastor Sargento Isidório,AVANTE,deputies,M,1,@prisidorio,243,1,7/28/1962
Patrus Ananias,PT,deputies,M,1,@Patrus_Ananias,17900,3,1/26/1952
Paula Belmonte,CIDADANIA,deputies,F,1,@paulambelmonte,26100,1,6/23/1973
Paulão,PT,deputies,F,1,@paulaodopt,26100,3,9/15/1957
Paulo Abi-Ackel,PSDB,deputies,M,1,@pauloabiackel,3937,4,6/21/1963
Paulo Bengtson,PTB,deputies,M,1,@PauloBengtson,662,1,1/6/1974
Paulo Eduardo Martins,PSC,deputies,M,1,@PauloMartins10,312600,2,4/20/1981
Paulo Freire Costa,PL,deputies,M,1,@DF_PauloFreire,5469,3,2/14/1955
Paulo Ganime,NOVO,deputies,M,1,@pauloganime,64600,1,4/19/1983
Paulo Guedes,PT,deputies,M,1,@deppauloguedes,9204,1,10/1/1970
Paulo Pereira da Silva,SOLIDARIEDADE,deputies,M,1,@dep_paulinho,21100,4,2/24/1956
Paulo Pimenta,PT,deputies,M,1,@DeputadoFederal,404900,5,3/19/1965
Paulo Ramos,PDT,deputies,M,1,@pauloramosdep,1973,3,10/18/1944
Paulo Teixeira,PT,deputies,M,1,@pauloteixeira13,211200,4,5/6/1961
Pedro Augusto Bezerra,PTB,deputies,M,1,@PedroABezerra,980,1,10/11/1980
Pedro Cunha Lima,PSDB,deputies,M,1,@pedroocl,10000,2,8/15/1988
Pedro Lucas Fernandes,PTB,deputies,M,1,@depPedroLucasF,1855,1,11/1/1979
Pedro Lupion,DEM,deputies,M,1,@pedro_lupion,9251,1,6/4/1983
Pedro Paulo,DEM,deputies,M,1,@pedropaulo,14200,3,6/29/1972
Pedro Uczai,PT,deputies,M,1,@uczai,18000,3,3/10/1963
Pedro Westphalen,PP,deputies,M,1,@pedrowestphalen,3626,1,12/19/1950
Perpétua Almeida,PCdoB,deputies,F,1,@perpetua_acre,23800,4,12/28/1964
Pinheirinho,PP,deputies,M,1,@pinheirinhomg,1405,1,5/30/1991
Policial Katia Sastre,PL,deputies,F,1,@KatiaSastre,12900,1,4/4/1976
Pompeo de Mattos,PDT,deputies,M,1,@PompeodeMattos,17900,5,7/12/1958
Pr. Marco Feliciano,REPUBLICANOS,deputies,M,1,@marcofeliciano,695200,3,10/12/1972
Professor Israel Batista,PV,deputies,M,1,@ProfIsrael,10800,1,5/2/1982
Professor Joziel,PSL,deputies,M,1,@professorjoziel,3169,1,4/22/1966
Professora Dayane Pimentel,PSL,deputies,F,1,@deppimentel,47100,1,1/30/1986
Professora Dorinha Seabra Rezende,DEM,deputies,F,1,@profdorinha,7916,3,10/1/1964
Professora Marcivania,PCdoB,deputies,F,1,@profmarcivania,6281,3,6/21/1973
Professora Rosa Neide,PT,deputies,F,1,@prof_rosaneide,11200,1,8/8/1963
Rafael Motta,PSB,deputies,M,1,@RafaelMottaRN,6704,2,8/15/1986
Raimundo Costa,PL,deputies,M,1,@raimundocostaba,533,1,3/9/1961
Raul Henry,MDB,deputies,M,1,@RaulHenry,5906,3,6/6/1964
Reginaldo Lopes,PT,deputies,M,1,@ReginaldoLopes,31600,5,4/2/1973
Reinhold Stephanes Junior,PSD,deputies,M,1,@StephanesJr,6750,1,7/26/1965
Rejane Dias,PT,deputies,F,1,@rejane_dias,7546,2,9/4/1972
Renato Queiroz,MDB,deputies,M,1,@renatoaqueiroz,1409,1,12/31/1983
Renildo Calheiros,PCdoB,deputies,M,1,@renildo,4921,4,4/20/1959
Ricardo Barros,PP,deputies,M,1,@RicardoBarrosPP,24600,6,11/15/1959
Ricardo Guidi,PSD,deputies,M,1,@ricardozguidi,451,1,9/28/1977
Ricardo Izar,PP,deputies,M,1,@RicardoIzar,2870,3,8/1/1968
Ricardo Silva,PSB,deputies,M,1,@RicardoSilvaRP,734,1,9/1/1985
Roberto Alves,REPUBLICANOS,deputies,M,1,@RobertoAlves_10,1197,3,5/27/1960
Roberto de Lucena,PODE,deputies,M,1,@robertodelucena,3545,3,4/18/1966
Roberto Pessoa,PSDB,deputies,M,1,@RobertoPessoaCE,278,4,5/21/1943
Rodrigo Agostinho,PSB,deputies,M,1,@rodrigoagost,7765,1,12/12/1977
Rodrigo Coelho,PSB,deputies,M,1,@coelho_rodrigo,7459,1,6/29/1980
Rodrigo de Castro,PSDB,deputies,M,1,@RodrigoCastro45,6867,4,7/15/1971
Rodrigo Maia,DEM,deputies,M,1,@RodrigoMaia,969200,6,6/12/1970
Rogério Correia,PT,deputies,M,1,@RogerioCorreia_,74600,1,1/11/1958
Roman,PATRIOTA,deputies,M,1,@roman_evandro,2839,2,3/3/1973
Ronaldo Carletto,PP,deputies,M,1,@ronaldocarletto,909,2,1/5/1960
Ronaldo Martins,REPUBLICANOS,deputies,M,1,@10ronaldomartin,281,2,1/21/1978
Rosana Valle,PSB,deputies,F,1,@DepRosanaValle,3297,1,5/8/1969
Rosangela Gomes,REPUBLICANOS,deputies,F,1,@rosangelasgomes,2798,2,12/27/1966
Rose Modesto,PSDB,deputies,F,1,@rosemodestoms,1284,1,2/20/1978
Rubens Bueno,CIDADANIA,deputies,M,1,@23rubensbueno,15000,5,5/23/1948
Rubens Otoni,PT,deputies,M,1,@RubensOtoni,33500,5,2/6/1956
Rubens Pereira Júnior,PCdoB,deputies,M,1,@rubenspereirajr,21000,2,3/16/1984
Rui Falcão,PT,deputies,M,1,@rfalcao13,147400,2,11/26/1943
Ruy Carneiro,PSDB,deputies,M,1,@ruycarneiropb,14200,2,8/17/1970
Sâmia Bomfim,PSOL,deputies,F,1,@samiabomfim,419000,1,8/22/1989
Samuel Moreira,PSDB,deputies,M,1,@samuelmoreira,10900,2,2/9/1963
Sanderson,PSL,deputies,M,1,@DepSanderson,41500,1,12/1/1969
Sargento Fahur,PSD,deputies,M,1,@SargentoFAHUR,616900,1,11/6/1963
Schiavinato,PP,deputies,M,1,@Schiavinato_,1708,1,9/12/1954
Sergio Souza,MDB,deputies,M,1,@_sergiosouza,2647,1,3/13/1971
Sergio Toledo,PL,deputies,M,1,@depsergiotoledo,1016,1,1/29/1962
Sergio Vidigal,PDT,deputies,M,1,@vidigalsergio,1616,2,5/8/1957
Shéridan,PSDB,deputies,F,1,@DepSheridan,43200,2,4/11/1984
Sidney Leite,PSD,deputies,M,1,@sidneyleite_,2441,1,4/8/1967
Silas Câmara,REPUBLICANOS,deputies,M,1,@silascamara_,30900,6,12/15/1962
Silvia Cristina,PDT,deputies,F,1,@silviacristinax,460,1,1/15/1974
Silvio Costa Filho,REPUBLICANOS,deputies,M,1,@Silvio_CFilho,8844,1,3/5/1982
Soraya Santos,PL,deputies,F,1,@sorayasantos,2462,2,12/4/1958
Sóstenes Cavalcante,DEM,deputies,M,1,@DepSostenes,49100,2,1/16/1975
Stefano Aguiar,PSD,deputies,M,1,@depstefano,2231,3,3/3/1976
Subtenente Gonzaga,PDT,deputies,M,1,@SubGonzagaMG,1683,3,5/31/1962
Tabata Amaral,PDT,deputies,F,1,@tabataamaralsp,347100,1,11/14/1993
Tadeu Alencar,PSB,deputies,M,1,@TadeuAlencarPE,1173,2,4/8/1963
Tadeu Filippelli,MDB,deputies,M,1,@filippellireal,649,4,5/11/1949
Talíria Petrone,PSOL,deputies,F,1,@taliriapetrone,270500,1,4/9/1985
Ted Conti,PSB,deputies,M,1,@tedcontioficial,761,1,12/28/1964
Tereza Nelma,PSDB,deputies,F,1,@TerezaNelma_,370,2,10/7/1957
Tiago Dimas,SOLIDARIEDADE,deputies,M,1,@tiago_dimas,2380,1,8/4/1988
Tiago Mitraud,NOVO,deputies,M,1,@TiagoMitraud,44700,1,8/15/1986
Tiririca,PL,deputies,M,1,@tiriricanaweb,59200,3,5/1/1965
Tito,AVANTE,deputies,M,1,@titodepfederal,743,1,11/17/1976
Toninho Wandscheer,PROS,deputies,M,1,@deputadotoninho,1072,2,8/31/1950
Túlio Gadêlha,PDT,deputies,M,1,@tuliogadelha,155500,1,11/12/1987
Valdevan Noventa,PL,deputies,M,1,@ValdevanNoventa,559,1,6/20/1969
Valmir Assunção,PT,deputies,M,1,@DepValmir,9837,3,12/17/1964
Vander Loubet,PT,deputies,M,1,@vanderloubet,7254,5,1/22/1964
Vanderlei Macris,PSDB,deputies,M,1,@vanderleimacris,8316,4,5/20/1950
Vavá Martins,REPUBLICANOS,deputies,M,1,@vavamartinspa,1040,1,6/3/1982
Vicentinho,PT,deputies,M,1,@VICENTINHOPT,43000,5,4/8/1956
Vicentinho Júnior,PL,deputies,M,1,@vicentinhojr,3152,2,4/11/1985
Vilson da Fetaemg,PSB,deputies,M,1,@vilsondafetaemg,350,1,5/1/1957
Vinicius Carvalho,REPUBLICANOS,deputies,M,1,@falecomvinicius,836,3,1/7/1966
Vinicius Farah,MDB,deputies,M,1,@Vinicius_Farah,164,1,6/21/1965
Vinicius Poit,NOVO,deputies,M,1,@ViniciusPoit,95600,1,1/31/1986
Vitor Hugo,PSL,deputies,M,1,@MajorVitorHugo,268900,1,5/31/1977
Vitor Lippi,PSDB,deputies,M,1,@DepVitorLippi,3965,2,5/18/1959
Waldenor Pereira,PT,deputies,M,1,@waldenorpereira,5491,3,3/8/1954
Walter Alves,MDB,deputies,M,1,@walteralvesrn,15500,2,2/27/1980
Weliton Prado,PROS,deputies,M,1,@pradoweliton,4392,3,8/24/1975
Wellington Roberto,PL,deputies,M,1,@wr22,1860,5,5/19/1959
Wilson Santiago,PTB,deputies,M,1,@WilsonSantiago_,8399,3,6/10/1957
Wladimir Garotinho,PSD,deputies,M,1,@WladGarotinho,4050,1,1/13/1985
Wolney Queiroz,PDT,deputies,M,1,@WolneyQueirozM,6158,6,12/12/1972
Zé Carlos,PT,deputies,M,1,@Dep_ZeCarlosPT,5472,2,5/26/1955
Zé Neto,PT,deputies,M,1,@ZeMarioGO,1489,1,3/30/1964
Zé Silva,SOLIDARIEDADE,deputies,M,1,@depzeneto,11300,3,5/11/1963
Zé Vitor,PL,deputies,M,1,@ZeSilva_,3040,1,11/1/1984
Zeca Dirceu,PT,deputies,M,1,@zeca_dirceu,97600,3,6/21/1978
ACIR GURGACZ,PDT,senator,M,1,@acirgurgacz,7549,5,2/25/1962
ALESSANDRO VIEIRA,CIDADANIA,senator,M,1,@Sen_Alessandro,153800,1,4/3/1975
ALVARO DIAS,PODEMOS,senator,M,1,@alvarodias_,424500,6,12/7/1944
ANGELO CORONEL,PSD,senator,M,1,@angelocoronel_,9757,1,5/3/1958
ANTONIO ANASTASIA,PSD,senator,M,1,@Anastasia,64800,1,5/9/1961
CARLOS FÁVARO,PSD,senator,M,1,@Carloshbfavaro,2637,2,10/19/1969
CARLOS PORTINHO,PL,senator,M,1,@carlosfportinho,997,1,7/2/1973
CARLOS VIANA,PSD,senator,M,1,@carlosaviana,46900,1,3/22/1963
CID GOMES,PDT,senator,M,1,@senadorcidgomes,171600,2,4/3/1951
CIRO NOGUEIRA,PP,senator,M,1,@ciro_nogueira,19800,2,4/27/1963
CONFUCIO MOURA,MDB,senator,M,1,@confuciomoura,8947,1,5/16/1948
DANIELLA RIBEIRO,PP,senator,F,1,@soudaniella111,14600,2,3/26/1972
DARIO BERGER,MDB,senator,M,1,@darioberger,9736,1,12/7/1956
DAVI ALCOLUMBRE,DEM,senator,M,1,@davialcolumbre,413700,1,6/19/1977
EDUARDO BRAGA,MDB,senator,M,1,@EduardoBraga_AM,84500,3,12/6/1960
EDUARDO GIRÃO,PODEMOS,senator,M,1,@EduGiraoOficial,73100,1,9/25/1972
EDUARDO GOMES,MDB,senator,M,1,@EduardoGomesTO,6582,2,4/28/1966
ELIZIANE GAMA,CIDADANIA,senator,F,1,@elizianegama,76600,1,2/27/1977
ELMANO FÉRRER,PP,senator,M,1,@elmanoferrer,10200,1,8/1/1942
ESPERIDIÃO AMIN,PP,senator,M,1,@esperidiaoamin_,20200,2,12/21/1947
FABIANO CONTARATO,REDE,senator,M,1,@ContaratoSenado,111300,3,6/20/1966
FERNANDO BEZERRA COELHO,MDB,senator,M,1,@fbezerracoelho,26700,1,12/7/1957
FERNANDO COLLOR,PROS,senator,M,1,@Collor,77200,5,8/12/1949
FLÁVIO ARNS,PODEMOS,senator,M,1,@ArnsFlavio,11300,2,11/9/1950
FLÁVIO BOLSONARO,REPUBLICANOS,senator,M,1,@FlavioBolsonaro,1600000,1,4/30/1981
HUMBERTO COSTA,PT,senator,M,1,@senadorhumberto,272600,2,7/7/1957
IRAJÁ,PSD,senator,M,1,@iraja555,6989,1,2/3/1983
IZALCI LUCAS,PSDB,senator,M,1,@IzalciLucas,10200,1,4/7/1956
JADER BARBALHO,MDB,senator,M,1,@jader_barbalho,22200,3,10/27/1944
JAQUES WAGNER,PT,senator,M,1,@jaqueswagner,110000,1,3/16/1951
JARBAS VASCONCELOS,MDB,senator,M,1,@Jarbas156,4864,2,8/23/1942
JAYME CAMPOS,DEM,senator,M,1,@JaymeSenador,287,4,9/13/1951
JEAN PAUL PRATES,PT,senator,M,1,@senadorjean,14300,1,6/19/1968
JORGE KAJURU,CIDADANIA,senator,M,1,@SenadorKajuru,274700,1,1/20/1961
JORGINHO MELLO,PL,senator,M,1,@jorginhomello,36400,1,7/15/1956
JOSÉ SERRA,PSDB,senator,M,1,@joseserra_,1300000,5,3/19/1942
KATIA ABREU,PP,senator,F,1,@KatiaAbreu,169900,7,2/2/1962
LASIER MARTINS,PODEMOS,senator,M,1,@lasiermartins,94200,1,4/14/1942
LEILA BARROS,PSB,senator,F,1,@leiladovolei,25100,1,9/30/1971
LUCAS BARRETO,PSD,senator,M,1,@LucasBarreto_AP,3038,2,11/10/1964
LUIS CARLOS HEINZE,PP,senator,M,1,@SenadorHeinze,43100,1,9/14/1950
LUIZ DO CARMO,MDB,senator,M,1,@_luizdocarmo,15400,1,4/2/1958
MAILZA GOMES,PP,senator,F,1,@MailzaGomes,8569,1,12/10/1976
MAJOR OLIMPIO,PSL,senator,M,1,@majorolimpio,455600,1,3/20/1962
MARA GABRILLI,PSDB,senator,F,1,@maragabrilli,58300,1,9/28/1967
MARCELO CASTRO,MDB,senator,M,1,@MarceloCastroPI,5183,1,6/9/1950
MARCIO BITTAR,MDB,senator,M,1,@marciombittar,13500,1,6/28/1963
MARCOS DO VAL,PODEMOS,senator,M,1,@marcosdoval,112100,1,6/15/1971
MARCOS ROGÉRIO,DEM,senator,M,1,@MarcosRogerio,124200,1,7/7/1978
MECIAS DE JESUS,REPUBLICANOS,senator,M,1,@meciasdejesus,3984,1,2/8/1962
NELSINHO TRAD FILHO,PSD,senator,M,1,@nelsinhotrad,9059,1,9/5/1961
NILDA GONDIM,MDB,senator,F,1,@nildagondimpb,4961,1,3/30/1936
OMAR AZIZ,PSD,senator,M,1,@OmarAzizSenador,203000,1,8/13/1958
ORIOVISTO GUIMARÃES,PODEMOS,senator,M,1,@Sen_Oriovisto,25300,1,8/12/1945
OTTO ALENCAR,PSD,senator,M,1,@ottoalencar,83000,1,8/28/1947
PAULO PAIM,PT,senator,M,1,@paulopaim,140500,3,3/15/1950
PAULO ROCHA,PT,senator,M,1,@senadorpaulor,49200,1,4/1/1951
PLÍNIO VALÉRIO,PSDB,senator,M,1,@PlinioValerio45,16500,1,1/31/1955
RANDOLFE RODRIGUES,REDE,senator,M,1,@randolfeap,414400,2,11/6/1972
REGUFFE,PODEMOS,senator,M,1,@Reguffe,135400,1,9/5/1972
RENAN CALHEIROS,MDB,senator,M,1,@renancalheiros,226800,5,9/16/1955
ROBERTO ROCHA,PSDB,senator,M,1,@RobertoRocha_MA,32300,2,8/4/1965
RODRIGO CUNHA,PSDB,senator,M,1,@RodrigoCunhaAL,11300,1,5/11/1981
RODRIGO PACHECO,DEM,senator,M,1,@rpsenador,76900,1,11/3/1976
ROGÉRIO CARVALHO,PT,senator,M,1,@SenadorRogerio,64900,1,8/2/1968
ROMÁRIO,PODEMOS,senator,M,1,@RomarioOnze,2500000,1,1/29/1966
ROSE DE FREITAS,MDB,senator,F,1,@senadorarose,21600,2,1/23/1949
SÉRGIO PETECÃO,PSD,senator,M,1,@senadorpetecao,11800,2,4/20/1960
SIMONE TEBET,MDB,senator,F,1,@SimoneTebetms,238000,1,2/22/1970
SORAYA THRONICKE,PSL,senator,F,1,@SorayaThronicke,128100,1,6/1/1973
STYVENSON VALENTIM,PODEMOS,senator,M,1,@SenStyvenson,20400,1,2/7/1977
TASSO JEREISSATI,PSDB,senator,M,1,@tassojereissati,49400,3,12/15/1948
TELMÁRIO MOTA,PROS,senator,M,1,@TelmarioMotaRR,10400,3,2/15/1958
VANDERLAN CARDOSO,PSD,senator,M,1,@Vanderlan_VC,12000,1,11/15/1962
VENEZIANO VITAL DO RÊGO,MDB,senator,M,1,@venezianovital,21400,2,7/17/1970
WELLINGTON FAGUNDES,PL,senator,M,1,@sen_wellington,7046,1,6/1/1957
WEVERTON,PDT,senator,M,1,@wevertonrocha,18600,1,10/8/1979
ZENAIDE MAIA,PROS,senator,F,1,@zenaidern,5635,1,11/27/1954
ZEQUINHA MARINHO,PSC,senator,M,1,@ZequinhaMarinho,3057,1,9/18/1959
